<?xml version="1.0" encoding="utf-8"?>
<!DOCTYPE mapper PUBLIC "-//mybatis.org//DTD Mapper 3.0//EN"
        "http://mybatis.org/dtd/mybatis-3-mapper.dtd">
<mapper namespace="org.ch09.dao.ClassDao">

    <!-- 课程的resultMap -->
    <resultMap id="courseMap" type="course">
        <id property="courseId" column="COURSE_ID"/>
        <result property="courseName" column="COURSE_NAME"/>
    </resultMap>

    <!-- 学生的resultMap，为了在班级的resultMap中进行关联 -->
    <resultMap id="stuMap" type="students">
        <id property="sid" column="STU_ID"/>
        <result property="stuName" column="STU_NAME"/>
        <result property="stuAge" column="STU_AGE"/>
        <!-- 多对多关联课程 -->
        <collection property="courses" resultMap="courseMap"/>
    </resultMap>

    <!--  班级的resultMap -->
    <resultMap id="classMap" type="classInfo">
        <id property="classId" column="C_ID"/>
        <result property="className" column="C_NAME"/>
        <!-- 使用collection属性一对多关联学生 -->
        <collection property="students" resultMap="stuMap"/>
    </resultMap>

</mapper>