<?xml version="1.0" encoding="utf-8"?>
<!DOCTYPE mapper PUBLIC "-//mybatis.org//DTD Mapper 3.0//EN"
        "http://mybatis.org/dtd/mybatis-3-mapper.dtd">
<mapper namespace="org.ch05.dao.ClassDao">

    <!-- 课程的resultMap -->
    <resultMap id="courseMap" type="course">
        <id property="courseId" column="COURSE_ID"/>
        <result property="courseName" column="COURSE_NAME"/>
    </resultMap>

    <!-- 学生的resultMap，为了在班级的resultMap中进行关联 -->
    <resultMap id="stuMap" type="students">
        <id property="sid" column="STU_ID"/>
        <result property="stuName" column="STU_NAME"/>
        <result property="stuAge" column="STU_AGE"/>
        <!-- 多对多关联课程 -->
        <collection property="courses" resultMap="courseMap"/>
    </resultMap>

    <!--  班级的resultMap -->
    <resultMap id="classMap" type="classInfo">
        <id property="classId" column="C_ID"/>
        <result property="className" column="C_NAME"/>
        <!-- 使用collection属性一对多关联学生 -->
        <collection property="students" resultMap="stuMap"/>
    </resultMap>

    <!-- 关联查询某个班级下的学生信息 -->
    <select id="findClassById" parameterType="int" resultMap="classMap">
        SELECT * FROM CLASS_INFO C LEFT JOIN STUDENTS S ON C.C_ID = S.C_ID
        WHERE C.C_ID = #{cid}
    </select>

    <!-- 关联查询某个班级下的所有学生所选择的课程 -->
    <select id="findClassById2" parameterType="int" resultMap="classMap">
        SELECT C.C_ID, C.C_NAME, S.STU_NAME, CO.COURSE_NAME FROM
        CLASS_INFO C LEFT JOIN STUDENTS S ON C.C_ID = S.C_ID
        LEFT JOIN COURSE_STU CS ON S.STU_ID = CS.STU_ID
        LEFT JOIN COURSE CO ON CO.COURSE_ID = CS.COURSE_ID
        WHERE C.C_ID = #{cid}
    </select>

</mapper>