<?xml version="1.0" encoding="utf-8"?>
<!DOCTYPE configuration PUBLIC "-//mybatis.org//DTD Config 3.0//EN"
        "http://mybatis.org/dtd/mybatis-3-config.dtd">

<configuration>

    <typeAliases>
        <package name="org.ch05.entity"/>
    </typeAliases>

    <environments default="mysql">
        <environment id="mysql">
            <transactionManager type="JDBC"/>
            <dataSource type="POOLED">
                <property name="driver" value="com.mysql.jdbc.Driver"/>
                <property name="url" value="jdbc:mysql://localhost:3306/test?useUnicode=true&amp;characterEncoding=utf-8"/>
                <property name="username" value="root"/>
                <property name="password" value="root"/>
            </dataSource>
        </environment>
    </environments>

    <mappers>
        <mapper resource="mapper/StuMapper.xml"/>
        <mapper resource="mapper/CardMapper.xml"/>
        <mapper resource="mapper/ClassMapper.xml"/>
        <mapper resource="mapper/CourseMapper.xml"/>
    </mappers>
</configuration>    